"neighborhood";"rent_growth_pct_z";"household_income_growth_pct_z";"white_nonhispanic_growth_pct_z";"listings_count";"str_density";"avg_revenue";"pct_multi_listing_hosts"
"Athmar Park";-1.1192934057500354;-0.3117087432076014;1.042382183311254;20;6.21;16446.43;22.22
"Auraria";-3.9591020768276746;-1.1981817521983138;0.0015239970482513947;1;9.35;27151.8;40.0
"Baker";1.2652829681425064;0.6839596165523476;0.7628964927792596;63;14.99;25062.8;26.97
"Barnum";0.03630624400662243;-0.26895705438371464;0.7360139495268625;6;2.9;18324.21;18.52
"Barnum West";-0.4925631949184889;-1.2256906935733416;-0.581658596568234;9;4.58;15947.08;17.65
"Bear Valley";-0.2059514915202772;-0.8826108686504903;-0.19825576797241112;5;1.28;6585.2;30.0
"Belcaro";-1.3374154135626777;-2.4376375866776243;-0.4821613852465892;6;1.78;31308.8;23.08
"Berkeley";1.7139591039265716;1.5589302298075607;-0.06395413013160767;85;17.75;29483.7;13.24
"Capitol Hill";0.5413077684697151;0.28070916036852167;-0.5599373267980888;77;7.21;21642.97;35.05
"CBD";0.5425065166369291;0.8194930786961384;-0.5350381538623665;77;20.3;15246.92;32.91
"Chaffee Park";-1.3390534460313503;-0.2600416624797881;0.03225797568018352;12;6.81;37825.42;32.26
"Cheesman Park";0.41573063198980126;-0.5166250009681641;-0.3115365875361766;51;8.28;21885.13;33.9
"Cherry Creek";0.7387316314415537;0.14503474694958118;-0.5730610031137662;15;2.84;31437.4;24.53
"City Park";0.6435915651503157;-0.8690277055428944;-0.33052575003353096;25;11.45;15188.83;26.92
"City Park West";1.0551556262128916;0.2898977224532761;-0.26685678513756067;48;12.56;29540.08;25.0
"Civic Center";1.321399193769721;0.600830104256442;-0.8343713193791232;5;1.73;19788.15;43.75
"Clayton";-0.11600772055041929;0.45860719123584437;4.13159663335708;18;9.83;24891.09;18.18
"Cole";1.2437749728028251;2.835596533673116;1.6934566068461876;46;22.77;28968.55;17.33
"College View - South Platte";1.2883201409847045;1.5181632942912127;-1.0699164201447475;3;1.11;16075.0;33.33
"Congress Park";-0.3072789621445847;-0.9108827702055574;-0.5049693190418242;43;6.79;21468.75;22.67
"Cory - Merrill";-0.8237580474423859;-0.24738840128263612;-0.455622830828347;9;4.96;25588.88;23.81
"Country Club";-0.4802095334151663;0.058827193537755215;-0.5126521308548766;4;2.69;50396.92;9.09
"DIA";-0.27209304300151455;-0.4797541103242354;-1.0868072857679538;4;2.09;19273.64;13.64
"East Colfax";0.1016130678135167;0.2779050243389912;-0.21929962086839316;15;3.14;21343.63;21.43
"Elyria Swansea";-0.4161310732129971;-0.13756818834433396;-0.9261301390208737;5;2.33;14712.23;31.25
"Five Points";0.2525044352458215;-0.2805502216599745;-0.049476768165734854;188;12.01;37385.57;25.27
"Fort Logan";-1.4895030242762257;-0.26889284979738576;-0.26898423270455885;1;0.52;23974.0;62.5
"Gateway - Green Valley Ranch";-0.3685092334060442;-0.9866397728407914;-0.6345889549758756;82;4.89;14873.39;13.43
"Globeville";0.4171447023863852;1.8391819353791437;3.289886074060471;5;2.71;31554.44;19.05
"Goldsmith";0.5714453105137107;0.8181611401709424;0.04219053169966387;2;0.67;5262.67;26.67
"Hale";-0.46421726056036333;-0.7462205377037061;-0.6670361228490301;19;7.37;12251.71;22.0
"Hampden";1.2017688984302999;-0.23906645901784981;-0.7824738982127538;8;0.74;13743.67;16.67
"Hampden South";0.3936138699161893;-0.9913241430573032;-0.6341954111786373;13;1.4;8422.97;25.93
"Harvey Park";-0.6292172267290946;-0.7290321744386193;0.23973724227139662;8;1.85;11857.91;23.81
"Harvey Park South";0.011774456341969249;-0.30607408845713485;-0.3497073697094039;1;0.28;24444.0;12.5
"Highland";1.0783723240989298;0.93766392074246;0.712252534117001;114;16.12;42905.58;19.55
"Hilltop";-0.7001042767714264;-0.6903301736348216;-0.5791298938915583;9;2.34;22305.53;33.33
"Indian Creek";-0.42640034729103854;-0.8033562776792358;-0.5204883252262567;1;0.46;6520.0;33.33
"Jefferson Park";1.1310785551416893;2.6969291972651255;1.8900527200828263;45;13.16;38941.03;13.43
"Lincoln Park";1.1675244226291306;0.7012458200766047;-0.2759914431845853;37;9.04;30694.63;27.03
"Lowry Field";-0.05434840756574571;-0.23331258833086982;-0.4708916148473644;6;1.02;6814.92;23.08
"Mar Lee";-0.34154909215035806;-0.2716474758460614;0.07913035227593955;5;1.19;16018.53;17.65
"Marston";0.1309957038061826;-1.0083881252051166;-0.3229046542731444;1;0.18;35339.8;42.86
"Montbello";-0.3908582683260308;0.12922501025555863;0.020215341794571753;3;0.32;19198.92;23.08
"Montclair";-0.26697153165573695;-0.9480815399392389;-0.4726218402813413;5;1.58;12590.92;26.09
"North Capitol Hill";0.3739198002792716;0.24591829343534782;-0.7851349537093771;18;4.28;26508.51;26.09
"North Park Hill";0.5808791843732307;0.5131119117741885;0.619434996640003;30;14.68;27926.08;22.64
"Northeast Park Hill";-0.03486483344473981;0.33152652392338805;2.3785633053682043;20;5.7;14101.71;26.83
"Overland";0.802406409918833;0.31518038550814653;0.4630053450858286;8;3.85;11853.9;20.0
"Platt Park";2.110835632756721;0.10815541390270475;-0.6047480817054529;36;10.23;31550.51;7.02
"Regis";-0.8016022936510749;0.27822349061336793;-0.07741372847481949;17;9.21;30713.09;15.79
"Rosedale";0.17544469473841928;-1.219274215595716;-0.9121072865116003;9;6.13;22856.93;27.78
"Ruby Hill";-0.4212672103384977;-0.8456214266400219;-0.6621856034321361;8;2.17;51098.89;27.78
"Skyland";0.6179528559851957;0.2801958954989679;2.558142445807579;23;12.97;29080.51;11.63
"Sloan Lake";0.3952411805173707;1.0211388210278354;0.2842004205353998;43;9.99;35333.09;18.29
"South Park Hill";-0.5533835901583951;-0.7164490158367828;-0.4111826018809572;23;6.12;24807.81;13.89
"Southmoor Park";-0.6494731871988048;-0.8993939764075587;-0.5627356357790941;1;0.25;15713.75;0.0
"Speer";0.6937411110803395;-0.573008409755735;-0.3665439593514714;71;7.61;25398.31;25.0
"Sunnyside";0.08778218378074447;0.30475727802168273;0.905667523168097;48;9.01;37672.7;25.44
"Union Station";-0.7172880960500081;-1.150570916217333;-0.6414148371969671;69;8.37;28983.5;19.05
"University";-0.5370067813934197;1.3272091086429725;-0.5339323694644201;17;4.45;24951.17;10.0
"University Hills";0.2565720610780398;0.1939227977648573;-0.20568298822422448;6;1.72;30678.32;19.05
"University Park";0.5089917109028811;-1.3136245907322839;-0.8474804421077362;7;1.48;34048.22;25.0
"Valverde";-4.158222946583057;1.0195300580471658;1.6394766081392607;5;3.15;31395.41;12.5
"Villa Park";0.1709577931195804;-0.5073720235515432;0.7130710048213176;13;4.19;23462.41;15.79
"Virginia Village";0.528104885833659;0.14760976975686851;-0.4608743817912006;18;2.39;22436.91;20.45
"Washington Park";0.004969650320475637;0.16930994432099195;-0.5181317657819667;18;4.77;36236.55;22.22
"Washington Park West";0.7653994204742053;-0.37066836272054854;-0.41171544255395953;33;7.62;27465.81;26.42
"Washington Virginia Vale";-0.17073188577694354;-0.4308178577187119;-0.7730230099579917;13;1.77;19692.0;39.29
"Wellshire";0.29268310504428446;-0.29592109137814143;-0.5481766744121014;2;1.39;36810.6;0.0
"West Colfax";0.9361308524039142;2.5277913439251423;2.446176722799864;83;11.55;33784.39;17.83
"West Highland";0.588855616830642;-1.2562344360042297;-0.26753081737079404;84;14.53;26283.93;18.85
"Westwood";-0.3468180344603807;-0.7565383517652763;-0.8152907314388439;11;2.14;22644.48;14.29
"Whittier";-0.9904272960662206;2.289479502681746;0.9241026860755327;52;23.1;34169.3;22.22
"Windsor";-0.09249241157663686;-0.1654692400204726;-0.6203254031903184;3;0.34;15536.89;0.0
